{
  "sampled_frames": 12,
  "signature_frames": 1,
  "label_hits": {
    "trash bin": 3,
    "door": 7
  },
  "best_detections": {
    "trash bin": {
      "frame_index": 1,
      "score": 0.19505341351032257,
      "box_xyxy": [
        691.4342041015625,
        1247.55712890625,
        873.5989990234375,
        1434.9818115234375
      ]
    },
    "door": {
      "frame_index": 6,
      "score": 0.8134174942970276,
      "box_xyxy": [
        389.11871337890625,
        -8.490257263183594,
        1044.509521484375,
        1628.4730224609375
      ]
    }
  },
  "avg_scores": {
    "trash bin": 0.19106548527876535,
    "door": 0.37600178377968924
  },
  "bboxes": {
    "trash bin": [
      -1.0230484008789062,
      -0.3879803419113159,
      0.813687264919281,
      -0.597123384475708,
      0.05601966381072998,
      1.5763622522354126
    ],
    "door": [
      1.182626724243164,
      -0.6519800424575806,
      0.1843622624874115,
      1.2036266326904297,
      0.560019850730896,
      1.1923621892929077
    ]
  },
  "issues": []
}
