{
  "sampled_frames": 34,
  "label_hits": {
    "toilet": 5,
    "door": 21
  },
  "avg_scores": {
    "toilet": 0.6112574219703675,
    "door": 0.5738368857474554
  },
  "bboxes": {
    "door": [
      -2.2197673320770264,
      -0.6940741539001465,
      0.9985972046852112,
      0.07710742950439453,
      0.6503007411956787,
      3.0418784618377686
    ],
    "toilet": [
      -2.0660173892974854,
      -1.039074182510376,
      0.49656593799591064,
      1.1871075630187988,
      0.658738374710083,
      2.9950034618377686
    ]
  },
  "issues": [
    "toilet<->door: heavy overlap (0.912)"
  ]
}
