{
  "sampled_frames": 2,
  "signature_frames": 1,
  "label_hits": {
    "toilet": 2,
    "door": 2
  },
  "best_detections": {
    "toilet": {
      "frame_index": 0,
      "score": 0.4436884820461273,
      "box_xyxy": [
        853.9461669921875,
        218.2807159423828,
        1077.010009765625,
        407.022216796875
      ]
    },
    "door": {
      "frame_index": 1,
      "score": 0.5310049057006836,
      "box_xyxy": [
        42.587642669677734,
        3.439464569091797,
        1075.61474609375,
        1395.0091552734375
      ]
    }
  },
  "avg_scores": {
    "toilet": 0.3516806960105896,
    "door": 0.4873288720846176
  },
  "bboxes": {
    "toilet": [
      -1.632892370223999,
      0.2809257507324219,
      0.061565980315208435,
      -0.4928925037384033,
      0.9859256744384766,
      0.7998003363609314
    ],
    "door": [
      -2.0538299083709717,
      -0.2740743160247803,
      1.1115659475326538,
      -1.5728923082351685,
      0.4309258460998535,
      1.9665658473968506
    ]
  },
  "issues": []
}
