{
  "sampled_frames": 12,
  "label_hits": {
    "guitar": 5,
    "door": 12
  },
  "avg_scores": {
    "guitar": 0.39839630126953124,
    "door": 0.48098501066366833
  },
  "bboxes": {
    "guitar": [
      -1.3796114921569824,
      -3.1934738159179688,
      0.00782051682472229,
      1.5819509029388428,
      -0.2244117259979248,
      2.4846954345703125
    ],
    "door": [
      -1.7124240398406982,
      -3.20941162109375,
      0.8563048243522644,
      1.4610133171081543,
      -0.995599091053009,
      3.3706328868865967
    ]
  },
  "issues": [
    "guitar<->door: heavy overlap (0.576)"
  ]
}
