{
  "sampled_frames": 21,
  "signature_frames": 1,
  "sam_model_id": "facebook/sam2.1-hiera-large",
  "label_hits": {
    "trash bin": 14,
    "door": 21
  },
  "best_detections": {
    "trash bin": {
      "frame_index": 17,
      "score": 0.3631758987903595,
      "box_xyxy": [
        171.06927490234375,
        954.4794311523438,
        510.6605224609375,
        1280.4254150390625
      ]
    },
    "door": {
      "frame_index": 19,
      "score": 0.8302558660507202,
      "box_xyxy": [
        276.908447265625,
        63.21876525878906,
        781.585693359375,
        1910.61376953125
      ]
    }
  },
  "avg_scores": {
    "trash bin": 0.23497323159660613,
    "door": 0.4068102666309902
  },
  "bboxes": {
    "trash bin": [
      -0.8378734588623047,
      0.9875197410583496,
      0.07486225664615631,
      -0.6421234011650085,
      1.271019697189331,
      0.28036224842071533
    ],
    "door": [
      1.207376480102539,
      -1.6599801778793335,
      0.26836225390434265,
      1.2216265201568604,
      -0.7839802503585815,
      2.524362087249756
    ]
  },
  "issues": []
}
