{
  "sampled_frames": 34,
  "label_hits": {
    "toilet": 5,
    "door": 21
  },
  "avg_scores": {
    "toilet": 0.6112574219703675,
    "door": 0.5738368857474554
  },
  "bboxes": {
    "door": [
      -2.318204879760742,
      -0.7630742788314819,
      1.0369410514831543,
      -1.9394547939300537,
      0.11405086517333984,
      2.5365657806396484
    ],
    "toilet": [
      -1.8878923654556274,
      -0.8590743541717529,
      0.40656596422195435,
      1.0967326164245605,
      0.6709258556365967,
      1.2315659523010254
    ]
  },
  "issues": []
}
