{
  "sampled_frames": 31,
  "frame_strategy": "uniform",
  "signature_frames": 1,
  "sam_model_id": "facebook/sam2.1-hiera-tiny",
  "label_hits": {
    "trash bin": 19,
    "door": 31
  },
  "best_detections": {
    "trash bin": {
      "frame_index": 23,
      "score": 0.41446933150291443,
      "box_xyxy": [
        388.4999084472656,
        733.330078125,
        760.2849731445312,
        1276.2432861328125
      ]
    },
    "door": {
      "frame_index": 8,
      "score": 0.8336349725723267,
      "box_xyxy": [
        244.2906036376953,
        362.9367370605469,
        849.9475708007812,
        1914.012451171875
      ]
    }
  },
  "avg_scores": {
    "trash bin": 0.2416018749538221,
    "door": 0.4031185502967527
  },
  "bboxes": {
    "trash bin": [
      -0.8378734588623047,
      0.9875197410583496,
      0.07486225664615631,
      -0.6421234011650085,
      1.271019697189331,
      0.28036224842071533
    ],
    "door": [
      1.2058765888214111,
      -1.635980248451233,
      0.2443622648715973,
      1.2216265201568604,
      -0.7719804048538208,
      2.512362480163574
    ]
  },
  "issues": []
}
