{
  "sampled_frames": 12,
  "label_hits": {
    "blue trash bin": 12,
    "door": 12
  },
  "avg_scores": {
    "blue trash bin": 0.5626727143923441,
    "door": 0.45619092633326846
  },
  "bboxes": {
    "blue trash bin": [
      -1.3021234273910522,
      -1.631480097770691,
      0.11236225068569183,
      1.2058765888214111,
      1.59201979637146,
      2.8513622283935547
    ],
    "door": [
      -1.0276234149932861,
      -0.48398029804229736,
      0.8563622236251831,
      1.2268764972686768,
      1.5605196952819824,
      1.9494872093200684
    ]
  },
  "issues": [
    "blue trash bin: bbox too large (ratio=0.634)",
    "blue trash bin<->door: heavy overlap (0.991)"
  ]
}
