{
  "sampled_frames": 31,
  "frame_strategy": "uniform",
  "signature_frames": 1,
  "sam_model_id": "facebook/sam2.1-hiera-tiny",
  "label_hits": {
    "trash bin": 2,
    "door": 2
  },
  "best_detections": {
    "trash bin": {
      "frame_index": 0,
      "score": 0.1870647519826889,
      "box_xyxy": [
        682.8570556640625,
        798.8543701171875,
        856.656982421875,
        958.279052734375
      ]
    },
    "door": {
      "frame_index": 1,
      "score": 0.21038489043712616,
      "box_xyxy": [
        0.9196731448173523,
        255.48094177246094,
        161.01934814453125,
        1456.0771484375
      ]
    }
  },
  "avg_scores": {
    "trash bin": 0.1853334605693817,
    "door": 0.2018892541527748
  },
  "bboxes": {
    "trash bin": [
      -1.024998426437378,
      -0.3879803419113159,
      0.8203622698783875,
      -0.5941234230995178,
      0.05601966381072998,
      1.6243622303009033
    ],
    "door": [
      -0.5701234340667725,
      -1.4199801683425903,
      2.8386125564575195,
      0.713876485824585,
      -0.7479802370071411,
      2.846862316131592
    ]
  },
  "issues": []
}
