{
  "sampled_frames": 26,
  "label_hits": {
    "blue trash bin": 26,
    "door": 26
  },
  "avg_scores": {
    "blue trash bin": 0.6022258274830304,
    "door": 0.4091912502279648
  },
  "bboxes": {
    "blue trash bin": [
      -1.3036234378814697,
      -1.5279802083969116,
      0.11236225068569183,
      1.2058765888214111,
      1.520019769668579,
      2.8528623580932617
    ],
    "door": [
      -1.374123454093933,
      -1.6847304105758667,
      0.8803622722625732,
      1.188589096069336,
      1.5372697114944458,
      2.8491125106811523
    ]
  },
  "issues": [
    "blue trash bin: bbox too large (ratio=0.600)",
    "door: bbox too large (ratio=0.465)",
    "blue trash bin<->door: heavy overlap (0.920)"
  ]
}
