{
  "sampled_frames": 42,
  "signature_frames": 1,
  "sam_model_id": "facebook/sam2.1-hiera-tiny",
  "label_hits": {
    "trash bin": 2,
    "door": 2
  },
  "best_detections": {
    "trash bin": {
      "frame_index": 0,
      "score": 0.1870647519826889,
      "box_xyxy": [
        682.8570556640625,
        798.8543701171875,
        856.656982421875,
        958.279052734375
      ]
    },
    "door": {
      "frame_index": 0,
      "score": 0.19339361786842346,
      "box_xyxy": [
        854.7509155273438,
        252.76239013671875,
        1032.5560302734375,
        428.7474670410156
      ]
    }
  },
  "avg_scores": {
    "trash bin": 0.1796230524778366,
    "door": 0.19010743498802185
  },
  "bboxes": {
    "trash bin": [
      -1.024998426437378,
      -0.3879803419113159,
      0.8203622698783875,
      -0.5941234230995178,
      0.05601966381072998,
      1.6243622303009033
    ],
    "door": [
      1.0512266159057617,
      1.0280197858810425,
      0.1363622546195984,
      1.3461265563964844,
      1.6020697355270386,
      0.7963622808456421
    ]
  },
  "issues": []
}
