{
  "sampled_frames": 3,
  "signature_frames": 1,
  "label_hits": {
    "toilet": 3,
    "door": 3
  },
  "best_detections": {
    "toilet": {
      "frame_index": 2,
      "score": 0.4970487356185913,
      "box_xyxy": [
        702.314697265625,
        1405.1385498046875,
        1025.1187744140625,
        1642.5635986328125
      ]
    },
    "door": {
      "frame_index": 1,
      "score": 0.5310049057006836,
      "box_xyxy": [
        42.587642669677734,
        3.439464569091797,
        1075.61474609375,
        1395.0091552734375
      ]
    }
  },
  "avg_scores": {
    "toilet": 0.40013670921325684,
    "door": 0.44613728920618695
  },
  "bboxes": {
    "toilet": [
      -2.2441422939300537,
      -1.7046992778778076,
      0.37544095516204834,
      0.630232572555542,
      0.6643633842468262,
      1.2165658473968506
    ],
    "door": [
      -2.064985990524292,
      -0.19907426834106445,
      1.1565659046173096,
      1.746325969696045,
      2.7849881649017334,
      2.371565818786621
    ]
  },
  "issues": []
}
