{
  "sampled_frames": 24,
  "signature_frames": 1,
  "sam_model_id": "facebook/sam2.1-hiera-large",
  "label_hits": {
    "trash bin": 3,
    "door": 7
  },
  "best_detections": {
    "trash bin": {
      "frame_index": 1,
      "score": 0.19505341351032257,
      "box_xyxy": [
        691.4342041015625,
        1247.55712890625,
        873.5989990234375,
        1434.9818115234375
      ]
    },
    "door": {
      "frame_index": 6,
      "score": 0.8134174942970276,
      "box_xyxy": [
        389.11871337890625,
        -8.490257263183594,
        1044.509521484375,
        1628.4730224609375
      ]
    }
  },
  "avg_scores": {
    "trash bin": 0.19106548527876535,
    "door": 0.37600178377968924
  },
  "bboxes": {
    "trash bin": [
      -1.0231233835220337,
      -0.3879803419113159,
      0.8136122822761536,
      -0.596748411655426,
      0.05601966381072998,
      1.588362216949463
    ],
    "door": [
      1.182626724243164,
      -0.6519800424575806,
      0.1843622624874115,
      1.2036266326904297,
      0.5360198020935059,
      1.1803622245788574
    ]
  },
  "issues": []
}
