{
  "sampled_frames": 2,
  "signature_frames": 1,
  "label_hits": {
    "door": 2
  },
  "best_detections": {
    "door": {
      "frame_index": 1,
      "score": 0.5310049057006836,
      "box_xyxy": [
        42.587642669677734,
        3.439464569091797,
        1075.61474609375,
        1395.0091552734375
      ]
    }
  },
  "avg_scores": {
    "door": 0.4873288720846176
  },
  "bboxes": {
    "door": [
      -2.0538299083709717,
      -0.2740743160247803,
      1.1115659475326538,
      -1.5728923082351685,
      0.4309258460998535,
      1.9665658473968506
    ]
  },
  "issues": []
}
