{
  "sampled_frames": 3,
  "label_hits": {
    "blue trash bin": 3,
    "door": 3
  },
  "avg_scores": {
    "blue trash bin": 0.8959627350171407,
    "door": 0.2069175144036611
  },
  "bboxes": {
    "blue trash bin": [
      -1.3058733940124512,
      -1.1799803972244263,
      0.10036225616931915,
      1.2178764343261719,
      1.4840197563171387,
      2.8446125984191895
    ],
    "door": [
      -1.2938734292984009,
      -1.6794804334640503,
      1.3123621940612793,
      1.1946265697479248,
      1.3520197868347168,
      2.849862575531006
    ]
  },
  "issues": [
    "blue trash bin: bbox too large (ratio=0.528)",
    "door: bbox too large (ratio=0.332)",
    "blue trash bin<->door: heavy overlap (0.832)"
  ]
}
