{
  "sampled_frames": 24,
  "label_hits": {
    "trash bin": 3,
    "door": 7
  },
  "avg_scores": {
    "trash bin": 0.19106548527876535,
    "door": 0.37600178377968924
  },
  "bboxes": {
    "trash bin": [
      -0.8848234415054321,
      -1.5519801378250122,
      0.050862252712249756,
      0.8586263656616211,
      1.064019799232483,
      0.8590622544288635
    ],
    "door": [
      -1.0350109338760376,
      -0.7179802656173706,
      0.8683622479438782,
      1.2156264781951904,
      1.557519793510437,
      1.7323622703552246
    ]
  },
  "issues": []
}
