{
  "sampled_frames": 77,
  "signature_frames": 1,
  "sam_model_id": "facebook/sam2.1-hiera-large",
  "label_hits": {
    "blue bin": 4,
    "trash bin": 4,
    "trash can": 4,
    "waste bin": 4,
    "door": 3
  },
  "best_detections": {
    "blue bin": {
      "frame_index": 3,
      "score": 0.9053811430931091,
      "box_xyxy": [
        126.46910858154297,
        1317.380859375,
        247.2586669921875,
        1501.0892333984375
      ]
    },
    "trash bin": {
      "frame_index": 1,
      "score": 0.199813574552536,
      "box_xyxy": [
        666.57568359375,
        928.024169921875,
        836.326416015625,
        1081.6763916015625
      ]
    },
    "trash can": {
      "frame_index": 0,
      "score": 0.7475435733795166,
      "box_xyxy": [
        143.53651428222656,
        867.7526245117188,
        259.1419372558594,
        1016.6445922851562
      ]
    },
    "waste bin": {
      "frame_index": 0,
      "score": 0.7052401900291443,
      "box_xyxy": [
        143.09217834472656,
        866.165771484375,
        260.53125,
        1018.09716796875
      ]
    },
    "door": {
      "frame_index": 2,
      "score": 0.21823719143867493,
      "box_xyxy": [
        1.0520482063293457,
        141.0426025390625,
        163.19134521484375,
        1374.289306640625
      ]
    }
  },
  "avg_scores": {
    "blue bin": 0.8931208401918411,
    "trash bin": 0.19081638008356094,
    "trash can": 0.6852872669696808,
    "waste bin": 0.6545215100049973,
    "door": 0.20198274652163187
  },
  "bboxes": {
    "blue bin": [
      -0.8386234641075134,
      0.9867697358131409,
      0.07561224699020386,
      -0.6421234011650085,
      1.2717697620391846,
      0.28036224842071533
    ],
    "trash bin": [
      -1.0238734483718872,
      -0.3879803419113159,
      0.8191247582435608,
      -0.5941234230995178,
      0.05601966381072998,
      1.612362265586853
    ],
    "trash can": [
      -0.8378734588623047,
      0.9875197410583496,
      0.07561224699020386,
      -0.6421234011650085,
      1.271019697189331,
      0.28036224842071533
    ],
    "waste bin": [
      -0.8378734588623047,
      0.9875197410583496,
      0.07561224699020386,
      -0.6421234011650085,
      1.271019697189331,
      0.28036224842071533
    ],
    "door": [
      -0.6421234011650085,
      -1.4199801683425903,
      2.8386125564575195,
      0.6058766841888428,
      -0.7119802236557007,
      2.846862316131592
    ]
  },
  "issues": [
    "blue bin<->trash can: heavy overlap (1.000)",
    "blue bin<->waste bin: heavy overlap (1.000)",
    "trash can<->waste bin: heavy overlap (1.000)"
  ]
}
