{
  "sampled_frames": 12,
  "label_hits": {
    "table": 12,
    "coffee table": 12,
    "couch": 12,
    "sofa": 12,
    "loveseat": 12
  },
  "avg_scores": {
    "table": 0.5148014177878698,
    "coffee table": 0.4095097966492176,
    "couch": 0.775233618915081,
    "sofa": 0.8010564285020033,
    "loveseat": 0.6099689329663912
  },
  "bboxes": {
    "table": [
      -1.4480490684509277,
      -3.0903491973876953,
      0.010633021593093872,
      1.6119508743286133,
      2.3434009552001953,
      1.7196954488754272
    ],
    "coffee table": [
      -1.4339865446090698,
      -3.1353487968444824,
      0.009695515036582947,
      1.6260132789611816,
      1.8690258264541626,
      1.764695405960083
    ],
    "couch": [
      -1.6664865016937256,
      -3.2337865829467773,
      0.3096955120563507,
      1.720700979232788,
      1.2005884647369385,
      3.381882905960083
    ],
    "sofa": [
      -1.6664865016937256,
      -3.2337865829467773,
      0.3096955120563507,
      1.720700979232788,
      1.2005884647369385,
      3.381882905960083
    ],
    "loveseat": [
      -1.6664865016937256,
      -3.2337865829467773,
      0.3096955120563507,
      1.720700979232788,
      1.2005884647369385,
      3.381882905960083
    ]
  },
  "issues": [
    "table: bbox too large (ratio=0.282)",
    "coffee table: bbox too large (ratio=0.266)",
    "couch: bbox too large (ratio=0.458)",
    "sofa: bbox too large (ratio=0.458)",
    "loveseat: bbox too large (ratio=0.458)",
    "table<->coffee table: heavy overlap (0.961)",
    "table<->couch: heavy overlap (0.651)",
    "table<->sofa: heavy overlap (0.651)",
    "table<->loveseat: heavy overlap (0.651)",
    "coffee table<->couch: heavy overlap (0.718)",
    "coffee table<->sofa: heavy overlap (0.718)",
    "coffee table<->loveseat: heavy overlap (0.718)",
    "couch<->sofa: heavy overlap (1.000)",
    "couch<->loveseat: heavy overlap (1.000)",
    "sofa<->loveseat: heavy overlap (1.000)"
  ]
}
